{"sub_71890": 0.25599783013862865, "sub_497FC": 0.10735630647036287, "sub_C5090": 0.15428717448277623, "sub_3E65C": 0.11509080226718346, "sub_184BC": 0.17204409093400982, "sub_EA5C8": 0.1464581084120623, "sub_D6E48": 0.11146638627509221, "sub_40698": 0.16743249561034451, "sub_C17F4": 0.10765065258693676, "sub_5CB24": 0.12858572698329288, "sub_4B664": 0.19946434283631242, "sub_130A2C": 0.10781037543481142, "sub_F65A0": 0.13095657006570766, "sub_BD15C": 0.26414756803156353, "sub_1788BC": 0.18581828034258471, "sub_1C9B50": 0.15472369335767983, "sub_11AD90": 0.15222514904707535, "sub_C2A40": 0.16090021952414429, "sub_1ADE00": 0.10917346210066391, "sub_12BA34": 0.10577000895037195, "sub_746C0": 0.15216566896307279, "sub_11B12C": 0.15222514904707535, "sub_1C95B8": 0.17038918597648542, "sub_1269E0": 0.12209532931297866, "sub_19ECC": 0.86238155693137752, "sub_E82A8": 0.10442426299123864, "sub_1C9850": 0.18151894840467186}
