{"sub_1A61C": 0.96230077713590134, "sub_105084": 0.53589500029392878}
